frame,far_hole_ratio,near_hole_ratio,recession_mm,valid_px
0,0.00000,0.00000,7.433,10409
1,0.00000,0.00000,7.433,10409
2,0.00000,0.00000,7.433,10409
3,0.00000,0.00000,7.433,10409
4,0.00020,0.00000,7.433,10408
5,0.00000,0.00000,7.433,10409
6,0.00000,0.00000,7.433,10409
7,0.00000,0.00000,7.433,10409
8,0.00000,0.00000,7.433,10409
9,0.00000,0.00000,7.433,10409
10,0.00000,0.00000,7.433,10409
11,0.00000,0.00000,7.433,10409
12,0.00000,0.00000,7.433,10409
13,0.00000,0.00000,7.433,10409
14,0.00000,0.00000,7.433,10409
15,0.00000,0.00000,7.433,10409
16,0.00000,0.00000,7.433,10409
17,0.00000,0.00000,7.433,10409
18,0.00000,0.00000,7.433,10409
19,0.00000,0.00000,7.433,10409
20,0.00000,0.00000,7.433,10409
21,0.00000,0.00000,7.433,10409
22,0.00000,0.00000,7.433,10409
23,0.00000,0.00000,7.433,10409
24,0.00000,0.00000,7.433,10409
25,0.00000,0.00000,7.433,10409
26,0.00000,0.00000,7.433,10409
27,0.00000,0.00000,7.433,10409
28,0.00000,0.00000,7.433,10409
29,0.00000,0.00000,7.433,10409
